Ref,Val,Package,PosX,PosY,Rot,Side
"C1","100n","C_0805",153.670000,-91.860000,90.000000,top
"F1","1A","BelFuse_1206",153.670000,-96.520000,270.000000,top
"FID1","Fiducial","Fiducial",151.765000,-100.330000,180.000000,top
"FID2","Fiducial","Fiducial",151.765000,-87.630000,180.000000,top
"FID3","Fiducial","Fiducial",169.545000,-102.235000,180.000000,top
"FID4","Fiducial","Fiducial",169.545000,-85.725000,180.000000,top
"J1","Mouserial","IDC_SMD_2x04_P2.54mm_Vertical",160.020000,-93.980000,0.000000,top
