Ref,Val,Package,PosX,PosY,Rot,Side
"C1","100n","C_0805",153.670000,-82.335000,90.000000,top
"F1","1A","BelFuse_1206",153.670000,-86.995000,270.000000,top
"FID1","Fiducial","Fiducial",151.130000,-101.600000,180.000000,top
"FID2","Fiducial","Fiducial",151.130000,-67.310000,180.000000,top
"FID3","Fiducial","Fiducial",166.370000,-101.600000,180.000000,top
"FID4","Fiducial","Fiducial",166.370000,-67.310000,180.000000,top
"J1","Mouserial","IDC_SMD_2x04_P2.54mm_Vertical",160.020000,-84.455000,0.000000,top
